{
  "project_info": {
    "project_number": "97936130174",
    "project_id": "proyecto-flut",
    "storage_bucket": "proyecto-flut.appspot.com"
  },
  "client": [
    {
      "client_info": {
        "mobilesdk_app_id": "1:97936130174:android:ce7b13c995d008ff97d82f",
        "android_client_info": {
          "package_name": "com.flutter.flutter_trabajo"
        }
      },
      "oauth_client": [],
      "api_key": [
        {
          "current_key": "AIzaSyCJIj9V3Wk_QgjKfkE2fP9rUPsNrVtAXDg"
        }
      ],
      "services": {
        "appinvite_service": {
          "other_platform_oauth_client": []
        }
      }
    }
  ],
  "configuration_version": "1"
}